<?xml version="1.0" encoding="utf-8"?><feed xmlns="http://www.w3.org/2005/Atom" ><generator uri="https://jekyllrb.com/" version="3.10.0">Jekyll</generator><link href="https://www.runqiyang.me/feed.xml" rel="self" type="application/atom+xml" /><link href="https://www.runqiyang.me/" rel="alternate" type="text/html" /><updated>2026-02-06T02:54:26+00:00</updated><id>https://www.runqiyang.me/feed.xml</id><title type="html">Runqi Yang</title><subtitle>Data Analytics, Backend Development, and Machine Learning</subtitle><author><name>Runqi Yang</name><email>randyyang123@hotmail.com</email></author></feed>